"BPL","CDLX","VFF","YELP","PBYI","TRXC"
40.96,20.4262709432759,13.28,31.69,15.6563830994299,1.28604176941159
40.96,20.4381287594323,13.28,31.69,15.7113728537397,1.28794690390819
40.96,20.4397411511062,13.28,31.69,15.7230196292511,1.28702994433015
40.96,20.4400342607211,13.28,31.69,15.7229772582423,1.2874712858046
40.96,20.4400803357119,13.28,31.69,15.7223757054793,1.2872588639032
